"method","raster_size","d","time"
"fastfocal",100,100,0.00386309623718262
"fastfocal",100,100,0.00387692451477051
"fastfocal",100,100,0.00406694412231445
"fastfocal",100,100,0.00408482551574707
"fastfocal",100,100,0.00413203239440918
"fastfocal",100,100,0.00438404083251953
"fastfocal",100,100,0.00441694259643555
"fastfocal",100,100,0.00453400611877441
"fastfocal",100,100,0.0566360950469971
"fastfocal",100,100,0.109910011291504
"terra",100,100,0.00345110893249512
"terra",100,100,0.00348305702209473
"terra",100,100,0.00351500511169434
"terra",100,100,0.00359487533569336
"terra",100,100,0.00359988212585449
"terra",100,100,0.00363612174987793
"terra",100,100,0.00381779670715332
"terra",100,100,0.00388503074645996
"terra",100,100,0.00399994850158691
"terra",100,100,0.00444889068603516
"fastfocal",100,200,0.00594496726989746
"fastfocal",100,200,0.00610113143920898
"fastfocal",100,200,0.00613117218017578
"fastfocal",100,200,0.00621795654296875
"fastfocal",100,200,0.00630497932434082
"fastfocal",100,200,0.00630998611450195
"fastfocal",100,200,0.00632405281066895
"fastfocal",100,200,0.0063478946685791
"fastfocal",100,200,0.0066828727722168
"fastfocal",100,200,0.0069279670715332
"terra",100,200,0.00529789924621582
"terra",100,200,0.00530791282653809
"terra",100,200,0.00533795356750488
"terra",100,200,0.00538396835327148
"terra",100,200,0.00538396835327148
"terra",100,200,0.0054018497467041
"terra",100,200,0.00546503067016602
"terra",100,200,0.0054929256439209
"terra",100,200,0.00564312934875488
"terra",100,200,0.00588107109069824
"fastfocal",100,300,0.00930500030517578
"fastfocal",100,300,0.0093381404876709
"fastfocal",100,300,0.00942015647888184
"fastfocal",100,300,0.00954699516296387
"fastfocal",100,300,0.00956010818481445
"fastfocal",100,300,0.00966405868530273
"fastfocal",100,300,0.00986409187316895
"fastfocal",100,300,0.0100259780883789
"fastfocal",100,300,0.010026216506958
"fastfocal",100,300,0.010310173034668
"terra",100,300,0.00942301750183105
"terra",100,300,0.00951600074768066
"terra",100,300,0.00960779190063477
"terra",100,300,0.00963401794433594
"terra",100,300,0.0096430778503418
"terra",100,300,0.00965785980224609
"terra",100,300,0.00981688499450684
"terra",100,300,0.00984477996826172
"terra",100,300,0.00985002517700195
"terra",100,300,0.00985407829284668
"fastfocal",100,400,0.0162179470062256
"fastfocal",100,400,0.0166819095611572
"fastfocal",100,400,0.01674485206604
"fastfocal",100,400,0.0171148777008057
"fastfocal",100,400,0.0171430110931396
"fastfocal",100,400,0.0171511173248291
"fastfocal",100,400,0.017409086227417
"fastfocal",100,400,0.0180280208587646
"fastfocal",100,400,0.0232501029968262
"fastfocal",100,400,0.0536441802978516
"terra",100,400,0.0145909786224365
"terra",100,400,0.0147819519042969
"terra",100,400,0.0151240825653076
"terra",100,400,0.0151491165161133
"terra",100,400,0.0152139663696289
"terra",100,400,0.0152251720428467
"terra",100,400,0.0153598785400391
"terra",100,400,0.0155179500579834
"terra",100,400,0.0155470371246338
"terra",100,400,0.0157060623168945
"fastfocal",100,500,0.0186591148376465
"fastfocal",100,500,0.0187699794769287
"fastfocal",100,500,0.0188651084899902
"fastfocal",100,500,0.0191171169281006
"fastfocal",100,500,0.0220730304718018
"fastfocal",100,500,0.0230419635772705
"fastfocal",100,500,0.0266039371490479
"fastfocal",100,500,0.0268211364746094
"fastfocal",100,500,0.0561480522155762
"fastfocal",100,500,0.0837979316711426
"terra",100,500,0.0198221206665039
"terra",100,500,0.0201108455657959
"terra",100,500,0.0202758312225342
"terra",100,500,0.0204160213470459
"terra",100,500,0.020427942276001
"terra",100,500,0.0204849243164062
"terra",100,500,0.0206351280212402
"terra",100,500,0.0207810401916504
"terra",100,500,0.0208489894866943
"terra",100,500,0.0224649906158447
"fastfocal",100,600,0.0180628299713135
"fastfocal",100,600,0.0197029113769531
"fastfocal",100,600,0.0203011035919189
"fastfocal",100,600,0.0204980373382568
"fastfocal",100,600,0.0216431617736816
"fastfocal",100,600,0.0260529518127441
"fastfocal",100,600,0.029533863067627
"fastfocal",100,600,0.0315158367156982
"fastfocal",100,600,0.0316898822784424
"fastfocal",100,600,0.0329678058624268
"terra",100,600,0.0293848514556885
"terra",100,600,0.029526948928833
"terra",100,600,0.0295279026031494
"terra",100,600,0.0295391082763672
"terra",100,600,0.0296571254730225
"terra",100,600,0.0298759937286377
"terra",100,600,0.0299019813537598
"terra",100,600,0.0301320552825928
"terra",100,600,0.0303339958190918
"terra",100,600,0.0312759876251221
"fastfocal",100,700,0.0206780433654785
"fastfocal",100,700,0.0207719802856445
"fastfocal",100,700,0.0208210945129395
"fastfocal",100,700,0.0212059020996094
"fastfocal",100,700,0.0212769508361816
"fastfocal",100,700,0.0212969779968262
"fastfocal",100,700,0.0219988822937012
"fastfocal",100,700,0.0223410129547119
"fastfocal",100,700,0.0289239883422852
"fastfocal",100,700,0.0306060314178467
"terra",100,700,0.0371980667114258
"terra",100,700,0.0372529029846191
"terra",100,700,0.037470817565918
"terra",100,700,0.0375609397888184
"terra",100,700,0.0376589298248291
"terra",100,700,0.0376930236816406
"terra",100,700,0.0376989841461182
"terra",100,700,0.0377399921417236
"terra",100,700,0.0378291606903076
"terra",100,700,0.0379488468170166
"fastfocal",100,800,0.0269391536712646
"fastfocal",100,800,0.0287659168243408
"fastfocal",100,800,0.0312411785125732
"fastfocal",100,800,0.0344810485839844
"fastfocal",100,800,0.0347189903259277
"fastfocal",100,800,0.0353798866271973
"fastfocal",100,800,0.0361518859863281
"fastfocal",100,800,0.038053035736084
"fastfocal",100,800,0.0406639575958252
"fastfocal",100,800,0.0461819171905518
"terra",100,800,0.0464010238647461
"terra",100,800,0.0465729236602783
"terra",100,800,0.0469048023223877
"terra",100,800,0.0469849109649658
"terra",100,800,0.0470170974731445
"terra",100,800,0.0473241806030273
"terra",100,800,0.0473611354827881
"terra",100,800,0.047389030456543
"terra",100,800,0.0474450588226318
"terra",100,800,0.0481388568878174
"fastfocal",100,900,0.0270190238952637
"fastfocal",100,900,0.0278489589691162
"fastfocal",100,900,0.0286238193511963
"fastfocal",100,900,0.031688928604126
"fastfocal",100,900,0.0326650142669678
"fastfocal",100,900,0.0360078811645508
"fastfocal",100,900,0.036876916885376
"fastfocal",100,900,0.0397000312805176
"fastfocal",100,900,0.0411221981048584
"fastfocal",100,900,0.0416979789733887
"terra",100,900,0.0600070953369141
"terra",100,900,0.0601041316986084
"terra",100,900,0.060197114944458
"terra",100,900,0.0602049827575684
"terra",100,900,0.060276985168457
"terra",100,900,0.0603749752044678
"terra",100,900,0.0604660511016846
"terra",100,900,0.0608768463134766
"terra",100,900,0.0614919662475586
"terra",100,900,0.0618278980255127
"fastfocal",100,1000,0.0233349800109863
"fastfocal",100,1000,0.023500919342041
"fastfocal",100,1000,0.0241038799285889
"fastfocal",100,1000,0.0242409706115723
"fastfocal",100,1000,0.0250039100646973
"fastfocal",100,1000,0.0260689258575439
"fastfocal",100,1000,0.0276591777801514
"fastfocal",100,1000,0.0312070846557617
"fastfocal",100,1000,0.0315170288085938
"fastfocal",100,1000,0.0316219329833984
"terra",100,1000,0.0710279941558838
"terra",100,1000,0.0713739395141602
"terra",100,1000,0.0714569091796875
"terra",100,1000,0.0714709758758545
"terra",100,1000,0.0714869499206543
"terra",100,1000,0.0718259811401367
"terra",100,1000,0.0718340873718262
"terra",100,1000,0.0718350410461426
"terra",100,1000,0.0721168518066406
"terra",100,1000,0.0750331878662109
"fastfocal",250,100,0.0115261077880859
"fastfocal",250,100,0.0116269588470459
"fastfocal",250,100,0.0116870403289795
"fastfocal",250,100,0.0117459297180176
"fastfocal",250,100,0.011746883392334
"fastfocal",250,100,0.0119152069091797
"fastfocal",250,100,0.0119810104370117
"fastfocal",250,100,0.0120790004730225
"fastfocal",250,100,0.0124478340148926
"fastfocal",250,100,0.0124750137329102
"terra",250,100,0.00815510749816895
"terra",250,100,0.00840497016906738
"terra",250,100,0.00848007202148438
"terra",250,100,0.00865793228149414
"terra",250,100,0.00868487358093262
"terra",250,100,0.00873208045959473
"terra",250,100,0.00884294509887695
"terra",250,100,0.00888395309448242
"terra",250,100,0.0089418888092041
"terra",250,100,0.00914096832275391
"fastfocal",250,200,0.0253357887268066
"fastfocal",250,200,0.0254077911376953
"fastfocal",250,200,0.0255310535430908
"fastfocal",250,200,0.0255501270294189
"fastfocal",250,200,0.025641918182373
"fastfocal",250,200,0.025684118270874
"fastfocal",250,200,0.025982141494751
"fastfocal",250,200,0.0260529518127441
"fastfocal",250,200,0.0261969566345215
"fastfocal",250,200,0.0262179374694824
"terra",250,200,0.0198462009429932
"terra",250,200,0.0199630260467529
"terra",250,200,0.0199930667877197
"terra",250,200,0.0199949741363525
"terra",250,200,0.0200619697570801
"terra",250,200,0.0201849937438965
"terra",250,200,0.0203738212585449
"terra",250,200,0.0204050540924072
"terra",250,200,0.0208289623260498
"terra",250,200,0.0237720012664795
"fastfocal",250,300,0.0452799797058105
"fastfocal",250,300,0.0458219051361084
"fastfocal",250,300,0.0458869934082031
"fastfocal",250,300,0.0458889007568359
"fastfocal",250,300,0.0458898544311523
"fastfocal",250,300,0.046004056930542
"fastfocal",250,300,0.0461030006408691
"fastfocal",250,300,0.0465478897094727
"fastfocal",250,300,0.0474090576171875
"fastfocal",250,300,0.0484077930450439
"terra",250,300,0.0452389717102051
"terra",250,300,0.0454249382019043
"terra",250,300,0.0454800128936768
"terra",250,300,0.0456230640411377
"terra",250,300,0.0458760261535645
"terra",250,300,0.045910120010376
"terra",250,300,0.0459370613098145
"terra",250,300,0.0459699630737305
"terra",250,300,0.0460999011993408
"terra",250,300,0.0461370944976807
"fastfocal",250,400,0.0844490528106689
"fastfocal",250,400,0.0851609706878662
"fastfocal",250,400,0.0854349136352539
"fastfocal",250,400,0.0858380794525146
"fastfocal",250,400,0.0858762264251709
"fastfocal",250,400,0.0869560241699219
"fastfocal",250,400,0.0876040458679199
"fastfocal",250,400,0.0876879692077637
"fastfocal",250,400,0.0882430076599121
"fastfocal",250,400,0.0885069370269775
"terra",250,400,0.0737659931182861
"terra",250,400,0.0742330551147461
"terra",250,400,0.0745630264282227
"terra",250,400,0.0745949745178223
"terra",250,400,0.074908971786499
"terra",250,400,0.0750539302825928
"terra",250,400,0.0751409530639648
"terra",250,400,0.0755670070648193
"terra",250,400,0.0767061710357666
"terra",250,400,0.0769848823547363
"fastfocal",250,500,0.0597269535064697
"fastfocal",250,500,0.0610208511352539
"fastfocal",250,500,0.0619161128997803
"fastfocal",250,500,0.0642340183258057
"fastfocal",250,500,0.065065860748291
"fastfocal",250,500,0.0652680397033691
"fastfocal",250,500,0.0670950412750244
"fastfocal",250,500,0.0711109638214111
"fastfocal",250,500,0.0721828937530518
"fastfocal",250,500,0.198395013809204
"terra",250,500,0.11387300491333
"terra",250,500,0.114022970199585
"terra",250,500,0.114089012145996
"terra",250,500,0.114181995391846
"terra",250,500,0.114227056503296
"terra",250,500,0.114559888839722
"terra",250,500,0.114576816558838
"terra",250,500,0.114629030227661
"terra",250,500,0.115275144577026
"terra",250,500,0.115447998046875
"fastfocal",250,600,0.0527968406677246
"fastfocal",250,600,0.0536420345306396
"fastfocal",250,600,0.0569710731506348
"fastfocal",250,600,0.0570669174194336
"fastfocal",250,600,0.0574450492858887
"fastfocal",250,600,0.0587990283966064
"fastfocal",250,600,0.0589809417724609
"fastfocal",250,600,0.0624370574951172
"fastfocal",250,600,0.066864013671875
"fastfocal",250,600,0.194989919662476
"terra",250,600,0.170244932174683
"terra",250,600,0.17076301574707
"terra",250,600,0.170972108840942
"terra",250,600,0.171621799468994
"terra",250,600,0.171781063079834
"terra",250,600,0.171934127807617
"terra",250,600,0.172116041183472
"terra",250,600,0.172240972518921
"terra",250,600,0.172389030456543
"terra",250,600,0.173200130462646
"fastfocal",250,700,0.0531802177429199
"fastfocal",250,700,0.0537269115447998
"fastfocal",250,700,0.0540199279785156
"fastfocal",250,700,0.0543808937072754
"fastfocal",250,700,0.0550920963287354
"fastfocal",250,700,0.0575480461120605
"fastfocal",250,700,0.0580711364746094
"fastfocal",250,700,0.0583570003509521
"fastfocal",250,700,0.0636558532714844
"fastfocal",250,700,0.194486141204834
"terra",250,700,0.221745014190674
"terra",250,700,0.221786022186279
"terra",250,700,0.221971035003662
"terra",250,700,0.222469091415405
"terra",250,700,0.223067045211792
"terra",250,700,0.223114967346191
"terra",250,700,0.223756074905396
"terra",250,700,0.224526882171631
"terra",250,700,0.22465991973877
"terra",250,700,0.225161075592041
"fastfocal",250,800,0.083543062210083
"fastfocal",250,800,0.0860428810119629
"fastfocal",250,800,0.0874221324920654
"fastfocal",250,800,0.0891530513763428
"fastfocal",250,800,0.0895330905914307
"fastfocal",250,800,0.0897610187530518
"fastfocal",250,800,0.0910041332244873
"fastfocal",250,800,0.0921130180358887
"fastfocal",250,800,0.09555983543396
"fastfocal",250,800,0.0960929393768311
"terra",250,800,0.280184984207153
"terra",250,800,0.280251979827881
"terra",250,800,0.280439853668213
"terra",250,800,0.280723094940186
"terra",250,800,0.281957149505615
"terra",250,800,0.281981945037842
"terra",250,800,0.282968997955322
"terra",250,800,0.283217906951904
"terra",250,800,0.284157037734985
"terra",250,800,0.286050081253052
"fastfocal",250,900,0.0826051235198975
"fastfocal",250,900,0.0880789756774902
"fastfocal",250,900,0.0883591175079346
"fastfocal",250,900,0.0889980792999268
"fastfocal",250,900,0.0898559093475342
"fastfocal",250,900,0.0907409191131592
"fastfocal",250,900,0.0919809341430664
"fastfocal",250,900,0.0932679176330566
"fastfocal",250,900,0.0979959964752197
"fastfocal",250,900,0.0992350578308105
"terra",250,900,0.365855932235718
"terra",250,900,0.366421937942505
"terra",250,900,0.366790056228638
"terra",250,900,0.366837978363037
"terra",250,900,0.367357015609741
"terra",250,900,0.367792844772339
"terra",250,900,0.367805957794189
"terra",250,900,0.371307849884033
"terra",250,900,0.371757984161377
"terra",250,900,0.374228954315186
"fastfocal",250,1000,0.0817718505859375
"fastfocal",250,1000,0.086400032043457
"fastfocal",250,1000,0.0866420269012451
"fastfocal",250,1000,0.0879828929901123
"fastfocal",250,1000,0.0890450477600098
"fastfocal",250,1000,0.0900540351867676
"fastfocal",250,1000,0.0912489891052246
"fastfocal",250,1000,0.0946140289306641
"fastfocal",250,1000,0.0975990295410156
"fastfocal",250,1000,0.0992159843444824
"terra",250,1000,0.439332962036133
"terra",250,1000,0.439827919006348
"terra",250,1000,0.440883874893188
"terra",250,1000,0.441402912139893
"terra",250,1000,0.442512989044189
"terra",250,1000,0.442579030990601
"terra",250,1000,0.444055080413818
"terra",250,1000,0.444340944290161
"terra",250,1000,0.444540023803711
"terra",250,1000,0.445653915405273
"fastfocal",500,100,0.0384469032287598
"fastfocal",500,100,0.03849196434021
"fastfocal",500,100,0.0385489463806152
"fastfocal",500,100,0.0386931896209717
"fastfocal",500,100,0.0387978553771973
"fastfocal",500,100,0.0388500690460205
"fastfocal",500,100,0.0389089584350586
"fastfocal",500,100,0.0389690399169922
"fastfocal",500,100,0.0390260219573975
"fastfocal",500,100,0.0390560626983643
"terra",500,100,0.0267539024353027
"terra",500,100,0.0269560813903809
"terra",500,100,0.0269827842712402
"terra",500,100,0.0270109176635742
"terra",500,100,0.0272531509399414
"terra",500,100,0.0274808406829834
"terra",500,100,0.0280020236968994
"terra",500,100,0.0307798385620117
"terra",500,100,0.0320208072662354
"terra",500,100,0.0324668884277344
"fastfocal",500,200,0.0930640697479248
"fastfocal",500,200,0.0931739807128906
"fastfocal",500,200,0.0932888984680176
"fastfocal",500,200,0.0933589935302734
"fastfocal",500,200,0.0937650203704834
"fastfocal",500,200,0.0941369533538818
"fastfocal",500,200,0.0944278240203857
"fastfocal",500,200,0.0945949554443359
"fastfocal",500,200,0.0948879718780518
"fastfocal",500,200,0.0951249599456787
"terra",500,200,0.0729091167449951
"terra",500,200,0.0730509757995605
"terra",500,200,0.0732851028442383
"terra",500,200,0.0740330219268799
"terra",500,200,0.0744791030883789
"terra",500,200,0.0751190185546875
"terra",500,200,0.0752508640289307
"terra",500,200,0.0769269466400146
"terra",500,200,0.0827281475067139
"terra",500,200,0.0926418304443359
"fastfocal",500,300,0.17416787147522
"fastfocal",500,300,0.174360990524292
"fastfocal",500,300,0.17445182800293
"fastfocal",500,300,0.174612998962402
"fastfocal",500,300,0.174662113189697
"fastfocal",500,300,0.174788951873779
"fastfocal",500,300,0.175010919570923
"fastfocal",500,300,0.175146102905273
"fastfocal",500,300,0.175184965133667
"fastfocal",500,300,0.175739049911499
"terra",500,300,0.176804780960083
"terra",500,300,0.176975011825562
"terra",500,300,0.177917003631592
"terra",500,300,0.178065776824951
"terra",500,300,0.178231954574585
"terra",500,300,0.178948879241943
"terra",500,300,0.179749011993408
"terra",500,300,0.180035829544067
"terra",500,300,0.18088698387146
"terra",500,300,0.182973861694336
"fastfocal",500,400,0.326054096221924
"fastfocal",500,400,0.326182842254639
"fastfocal",500,400,0.327330827713013
"fastfocal",500,400,0.327332019805908
"fastfocal",500,400,0.327510118484497
"fastfocal",500,400,0.328234195709229
"fastfocal",500,400,0.32843017578125
"fastfocal",500,400,0.328918933868408
"fastfocal",500,400,0.330851793289185
"fastfocal",500,400,0.331048011779785
"terra",500,400,0.287997961044312
"terra",500,400,0.288394927978516
"terra",500,400,0.288672924041748
"terra",500,400,0.29035210609436
"terra",500,400,0.290791034698486
"terra",500,400,0.291136026382446
"terra",500,400,0.291208028793335
"terra",500,400,0.293037891387939
"terra",500,400,0.294393062591553
"terra",500,400,0.300461053848267
"fastfocal",500,500,0.177566051483154
"fastfocal",500,500,0.186527013778687
"fastfocal",500,500,0.195929050445557
"fastfocal",500,500,0.201734066009521
"fastfocal",500,500,0.302236080169678
"fastfocal",500,500,0.307436943054199
"fastfocal",500,500,0.307476043701172
"fastfocal",500,500,0.315426111221313
"fastfocal",500,500,0.326498985290527
"fastfocal",500,500,0.329498052597046
"terra",500,500,0.454756021499634
"terra",500,500,0.455543994903564
"terra",500,500,0.456249952316284
"terra",500,500,0.456991910934448
"terra",500,500,0.457614898681641
"terra",500,500,0.459046840667725
"terra",500,500,0.459903001785278
"terra",500,500,0.460515975952148
"terra",500,500,0.46102499961853
"terra",500,500,0.46602201461792
"fastfocal",500,600,0.169494152069092
"fastfocal",500,600,0.178384065628052
"fastfocal",500,600,0.182358026504517
"fastfocal",500,600,0.188907861709595
"fastfocal",500,600,0.192310810089111
"fastfocal",500,600,0.195288896560669
"fastfocal",500,600,0.320136070251465
"fastfocal",500,600,0.325953960418701
"fastfocal",500,600,0.32724404335022
"fastfocal",500,600,0.444282054901123
"terra",500,600,0.692420959472656
"terra",500,600,0.692992210388184
"terra",500,600,0.693019866943359
"terra",500,600,0.693331956863403
"terra",500,600,0.693961143493652
"terra",500,600,0.694254159927368
"terra",500,600,0.694787979125977
"terra",500,600,0.695780992507935
"terra",500,600,0.696081161499023
"terra",500,600,0.698203802108765
"fastfocal",500,700,0.297200918197632
"fastfocal",500,700,0.301906108856201
"fastfocal",500,700,0.30224609375
"fastfocal",500,700,0.302793025970459
"fastfocal",500,700,0.304664134979248
"fastfocal",500,700,0.309246063232422
"fastfocal",500,700,0.425915956497192
"fastfocal",500,700,0.429867029190063
"fastfocal",500,700,0.436378955841064
"fastfocal",500,700,0.461066961288452
"terra",500,700,0.899178981781006
"terra",500,700,0.899346113204956
"terra",500,700,0.899755954742432
"terra",500,700,0.901891946792603
"terra",500,700,0.901993989944458
"terra",500,700,0.904480934143066
"terra",500,700,0.90543794631958
"terra",500,700,0.905643939971924
"terra",500,700,0.910791158676147
"terra",500,700,0.910831928253174
"fastfocal",500,800,0.286954879760742
"fastfocal",500,800,0.299144983291626
"fastfocal",500,800,0.299649000167847
"fastfocal",500,800,0.302181005477905
"fastfocal",500,800,0.306566953659058
"fastfocal",500,800,0.327813148498535
"fastfocal",500,800,0.428561925888062
"fastfocal",500,800,0.438251972198486
"fastfocal",500,800,0.439254999160767
"fastfocal",500,800,0.452558994293213
"terra",500,800,1.13075518608093
"terra",500,800,1.13559603691101
"terra",500,800,1.13659811019897
"terra",500,800,1.13707494735718
"terra",500,800,1.13806104660034
"terra",500,800,1.13818788528442
"terra",500,800,1.13825988769531
"terra",500,800,1.14039587974548
"terra",500,800,1.14340615272522
"terra",500,800,1.14621496200562
"fastfocal",500,900,0.281007051467896
"fastfocal",500,900,0.282473087310791
"fastfocal",500,900,0.289757013320923
"fastfocal",500,900,0.292013168334961
"fastfocal",500,900,0.298530101776123
"fastfocal",500,900,0.301077842712402
"fastfocal",500,900,0.305941104888916
"fastfocal",500,900,0.306922912597656
"fastfocal",500,900,0.427778959274292
"fastfocal",500,900,0.436418056488037
"terra",500,900,1.48050999641418
"terra",500,900,1.4863338470459
"terra",500,900,1.4875009059906
"terra",500,900,1.48806500434875
"terra",500,900,1.48816800117493
"terra",500,900,1.4920768737793
"terra",500,900,1.49384808540344
"terra",500,900,1.49420094490051
"terra",500,900,1.49469995498657
"terra",500,900,1.50199389457703
"fastfocal",500,1000,0.283648014068604
"fastfocal",500,1000,0.2865309715271
"fastfocal",500,1000,0.293365955352783
"fastfocal",500,1000,0.302175045013428
"fastfocal",500,1000,0.305059909820557
"fastfocal",500,1000,0.305288076400757
"fastfocal",500,1000,0.313943862915039
"fastfocal",500,1000,0.427687883377075
"fastfocal",500,1000,0.429643869400024
"fastfocal",500,1000,0.44066596031189
"terra",500,1000,1.78574204444885
"terra",500,1000,1.78660798072815
"terra",500,1000,1.79166102409363
"terra",500,1000,1.79458594322205
"terra",500,1000,1.79469394683838
"terra",500,1000,1.79607701301575
"terra",500,1000,1.79655981063843
"terra",500,1000,1.79662179946899
"terra",500,1000,1.80003714561462
"terra",500,1000,1.8007447719574
"fastfocal",1000,100,0.14605188369751
"fastfocal",1000,100,0.146074056625366
"fastfocal",1000,100,0.146116018295288
"fastfocal",1000,100,0.146231889724731
"fastfocal",1000,100,0.146436929702759
"fastfocal",1000,100,0.146571159362793
"fastfocal",1000,100,0.146719932556152
"fastfocal",1000,100,0.147150993347168
"fastfocal",1000,100,0.147254943847656
"fastfocal",1000,100,0.151765108108521
"terra",1000,100,0.0985560417175293
"terra",1000,100,0.099078893661499
"terra",1000,100,0.0996441841125488
"terra",1000,100,0.100147008895874
"terra",1000,100,0.100247859954834
"terra",1000,100,0.100391149520874
"terra",1000,100,0.100766897201538
"terra",1000,100,0.100996971130371
"terra",1000,100,0.102008819580078
"terra",1000,100,0.104850053787231
"fastfocal",1000,200,0.362224102020264
"fastfocal",1000,200,0.362985849380493
"fastfocal",1000,200,0.363394975662231
"fastfocal",1000,200,0.363751888275146
"fastfocal",1000,200,0.364104032516479
"fastfocal",1000,200,0.364894151687622
"fastfocal",1000,200,0.365087032318115
"fastfocal",1000,200,0.365242958068848
"fastfocal",1000,200,0.365248918533325
"fastfocal",1000,200,0.36588191986084
"terra",1000,200,0.287795066833496
"terra",1000,200,0.288494110107422
"terra",1000,200,0.2900390625
"terra",1000,200,0.290198087692261
"terra",1000,200,0.290426015853882
"terra",1000,200,0.290509939193726
"terra",1000,200,0.290879964828491
"terra",1000,200,0.293651103973389
"terra",1000,200,0.294028997421265
"terra",1000,200,0.295941114425659
"fastfocal",1000,300,0.686815977096558
"fastfocal",1000,300,0.686969041824341
"fastfocal",1000,300,0.687088966369629
"fastfocal",1000,300,0.687684059143066
"fastfocal",1000,300,0.689805030822754
"fastfocal",1000,300,0.690489053726196
"fastfocal",1000,300,0.692832946777344
"fastfocal",1000,300,0.693391084671021
"fastfocal",1000,300,0.693541049957275
"fastfocal",1000,300,0.694093942642212
"terra",1000,300,0.706741094589233
"terra",1000,300,0.707268953323364
"terra",1000,300,0.710324048995972
"terra",1000,300,0.710587024688721
"terra",1000,300,0.710792064666748
"terra",1000,300,0.71091103553772
"terra",1000,300,0.711471080780029
"terra",1000,300,0.711483955383301
"terra",1000,300,0.712241172790527
"terra",1000,300,0.718063831329346
"fastfocal",1000,400,1.28780102729797
"fastfocal",1000,400,1.29052400588989
"fastfocal",1000,400,1.29141902923584
"fastfocal",1000,400,1.29319214820862
"fastfocal",1000,400,1.29359412193298
"fastfocal",1000,400,1.29434204101562
"fastfocal",1000,400,1.29469299316406
"fastfocal",1000,400,1.29615497589111
"fastfocal",1000,400,1.298495054245
"fastfocal",1000,400,1.2999849319458
"terra",1000,400,1.15144205093384
"terra",1000,400,1.15260195732117
"terra",1000,400,1.15294790267944
"terra",1000,400,1.15423893928528
"terra",1000,400,1.15729689598083
"terra",1000,400,1.15766787528992
"terra",1000,400,1.16033697128296
"terra",1000,400,1.16219401359558
"terra",1000,400,1.16368389129639
"terra",1000,400,1.16901206970215
"fastfocal",1000,500,1.15088701248169
"fastfocal",1000,500,1.26255011558533
"fastfocal",1000,500,1.27065420150757
"fastfocal",1000,500,1.27494692802429
"fastfocal",1000,500,1.29589295387268
"fastfocal",1000,500,1.40351700782776
"fastfocal",1000,500,1.40608501434326
"fastfocal",1000,500,1.4203200340271
"fastfocal",1000,500,1.42161893844604
"fastfocal",1000,500,1.44060802459717
"terra",1000,500,1.84244894981384
"terra",1000,500,1.84365487098694
"terra",1000,500,1.84556102752686
"terra",1000,500,1.84652709960938
"terra",1000,500,1.84792399406433
"terra",1000,500,1.84935283660889
"terra",1000,500,1.84977102279663
"terra",1000,500,1.85293197631836
"terra",1000,500,1.85300898551941
"terra",1000,500,1.86573004722595
"fastfocal",1000,600,1.16301989555359
"fastfocal",1000,600,1.18040609359741
"fastfocal",1000,600,1.2742931842804
"fastfocal",1000,600,1.285964012146
"fastfocal",1000,600,1.29544305801392
"fastfocal",1000,600,1.31053996086121
"fastfocal",1000,600,1.3795919418335
"fastfocal",1000,600,1.40420508384705
"fastfocal",1000,600,1.42558002471924
"fastfocal",1000,600,1.43116593360901
"terra",1000,600,2.79577708244324
"terra",1000,600,2.79937100410461
"terra",1000,600,2.79993391036987
"terra",1000,600,2.80152606964111
"terra",1000,600,2.80173683166504
"terra",1000,600,2.80491614341736
"terra",1000,600,2.81132221221924
"terra",1000,600,2.81684803962708
"terra",1000,600,2.82346200942993
"terra",1000,600,2.82677102088928
"fastfocal",1000,700,1.14373397827148
"fastfocal",1000,700,1.15058612823486
"fastfocal",1000,700,1.26380586624146
"fastfocal",1000,700,1.26485395431519
"fastfocal",1000,700,1.27707386016846
"fastfocal",1000,700,1.28148412704468
"fastfocal",1000,700,1.3844301700592
"fastfocal",1000,700,1.40076518058777
"fastfocal",1000,700,1.41176915168762
"fastfocal",1000,700,1.41712284088135
"terra",1000,700,3.64116287231445
"terra",1000,700,3.64627003669739
"terra",1000,700,3.64700102806091
"terra",1000,700,3.6472339630127
"terra",1000,700,3.65180492401123
"terra",1000,700,3.65243601799011
"terra",1000,700,3.66091394424438
"terra",1000,700,3.6636791229248
"terra",1000,700,3.67551612854004
"terra",1000,700,3.68998408317566
"fastfocal",1000,800,1.14757299423218
"fastfocal",1000,800,1.25938105583191
"fastfocal",1000,800,1.25940608978271
"fastfocal",1000,800,1.26391410827637
"fastfocal",1000,800,1.27124881744385
"fastfocal",1000,800,1.27404808998108
"fastfocal",1000,800,1.37825584411621
"fastfocal",1000,800,1.38612699508667
"fastfocal",1000,800,1.38746905326843
"fastfocal",1000,800,1.41559481620789
"terra",1000,800,4.59526801109314
"terra",1000,800,4.59762406349182
"terra",1000,800,4.60269999504089
"terra",1000,800,4.60714292526245
"terra",1000,800,4.61309790611267
"terra",1000,800,4.62378311157227
"terra",1000,800,4.62501502037048
"terra",1000,800,4.6348729133606
"terra",1000,800,4.63559603691101
"terra",1000,800,4.64176607131958
"fastfocal",1000,900,1.13602900505066
"fastfocal",1000,900,1.14001989364624
"fastfocal",1000,900,1.26279211044312
"fastfocal",1000,900,1.2898850440979
"fastfocal",1000,900,1.38051605224609
"fastfocal",1000,900,1.38222098350525
"fastfocal",1000,900,1.41059613227844
"fastfocal",1000,900,1.41464686393738
"fastfocal",1000,900,1.41500091552734
"fastfocal",1000,900,1.45437812805176
"terra",1000,900,6.01802182197571
"terra",1000,900,6.49761891365051
"terra",1000,900,6.59156489372253
"terra",1000,900,6.59558701515198
"terra",1000,900,6.64451217651367
"terra",1000,900,6.68901205062866
"terra",1000,900,6.69773101806641
"terra",1000,900,6.72285509109497
"terra",1000,900,6.77291917800903
"terra",1000,900,6.84035396575928
"fastfocal",1000,1000,1.13852500915527
"fastfocal",1000,1000,1.25799703598022
"fastfocal",1000,1000,1.27148818969727
"fastfocal",1000,1000,1.27466511726379
"fastfocal",1000,1000,1.39029312133789
"fastfocal",1000,1000,1.40344309806824
"fastfocal",1000,1000,1.41663193702698
"fastfocal",1000,1000,1.42088985443115
"fastfocal",1000,1000,1.42113089561462
"fastfocal",1000,1000,1.66164708137512
"terra",1000,1000,7.8764500617981
"terra",1000,1000,7.95593190193176
"terra",1000,1000,8.07450389862061
"terra",1000,1000,8.07724213600159
"terra",1000,1000,8.099848985672
"terra",1000,1000,8.15483808517456
"terra",1000,1000,8.22893500328064
"terra",1000,1000,10.7433760166168
"terra",1000,1000,10.8633141517639
"terra",1000,1000,11.3888518810272
"fastfocal",2500,100,0.901175022125244
"fastfocal",2500,100,0.902435064315796
"fastfocal",2500,100,0.903581857681274
"fastfocal",2500,100,0.903825998306274
"fastfocal",2500,100,0.904205083847046
"fastfocal",2500,100,0.906435012817383
"fastfocal",2500,100,0.907747030258179
"fastfocal",2500,100,0.909440994262695
"fastfocal",2500,100,0.909520149230957
"fastfocal",2500,100,0.913839101791382
"terra",2500,100,0.673105955123901
"terra",2500,100,0.687397956848145
"terra",2500,100,0.689173936843872
"terra",2500,100,0.692238092422485
"terra",2500,100,0.695996046066284
"terra",2500,100,0.697298049926758
"terra",2500,100,0.698473215103149
"terra",2500,100,0.705370903015137
"terra",2500,100,0.706484079360962
"terra",2500,100,0.71312403678894
"fastfocal",2500,200,2.27064895629883
"fastfocal",2500,200,2.27670407295227
"fastfocal",2500,200,2.27699899673462
"fastfocal",2500,200,2.27846312522888
"fastfocal",2500,200,2.27881097793579
"fastfocal",2500,200,2.28151106834412
"fastfocal",2500,200,2.28321385383606
"fastfocal",2500,200,2.28673887252808
"fastfocal",2500,200,2.28809094429016
"fastfocal",2500,200,2.28933000564575
"terra",2500,200,2.00024914741516
"terra",2500,200,2.01209712028503
"terra",2500,200,2.0145001411438
"terra",2500,200,2.01534581184387
"terra",2500,200,2.03428888320923
"terra",2500,200,2.04248213768005
"terra",2500,200,2.04426383972168
"terra",2500,200,2.04705905914307
"terra",2500,200,2.05063414573669
"terra",2500,200,2.05450701713562
"fastfocal",2500,300,4.32625985145569
"fastfocal",2500,300,4.32699394226074
"fastfocal",2500,300,4.33462905883789
"fastfocal",2500,300,4.33496689796448
"fastfocal",2500,300,4.33724498748779
"fastfocal",2500,300,4.33897995948792
"fastfocal",2500,300,4.34012794494629
"fastfocal",2500,300,4.34212517738342
"fastfocal",2500,300,4.34636902809143
"fastfocal",2500,300,4.34910607337952
"terra",2500,300,4.77302217483521
"terra",2500,300,4.85451912879944
"terra",2500,300,4.86097598075867
"terra",2500,300,4.89417695999146
"terra",2500,300,4.96286606788635
"terra",2500,300,4.98205804824829
"terra",2500,300,5.05211400985718
"terra",2500,300,5.06658792495728
"terra",2500,300,5.08380103111267
"terra",2500,300,5.11251997947693
"fastfocal",2500,400,8.14505410194397
"fastfocal",2500,400,8.15255093574524
"fastfocal",2500,400,8.78357005119324
"fastfocal",2500,400,8.8467869758606
"fastfocal",2500,400,8.85972118377686
"fastfocal",2500,400,8.86069798469543
"fastfocal",2500,400,8.91339898109436
"fastfocal",2500,400,8.97034621238708
"fastfocal",2500,400,9.22936797142029
"fastfocal",2500,400,9.49470114707947
"terra",2500,400,7.93370604515076
"terra",2500,400,7.94919800758362
"terra",2500,400,7.99823307991028
"terra",2500,400,8.01091003417969
"terra",2500,400,8.0601921081543
"terra",2500,400,8.11324715614319
"terra",2500,400,8.13330793380737
"terra",2500,400,8.15302205085754
"terra",2500,400,8.21113300323486
"terra",2500,400,8.25087809562683
"fastfocal",2500,500,12.1877460479736
"fastfocal",2500,500,12.2157018184662
"fastfocal",2500,500,12.2510550022125
"fastfocal",2500,500,12.4272758960724
"fastfocal",2500,500,12.5405211448669
"fastfocal",2500,500,12.5754060745239
"fastfocal",2500,500,12.6031949520111
"fastfocal",2500,500,12.6588270664215
"fastfocal",2500,500,12.8444249629974
"fastfocal",2500,500,13.5068550109863
"terra",2500,500,12.5043208599091
"terra",2500,500,12.6781179904938
"terra",2500,500,12.7219069004059
"terra",2500,500,12.7980170249939
"terra",2500,500,12.8391709327698
"terra",2500,500,12.8776381015778
"terra",2500,500,12.8795759677887
"terra",2500,500,12.9176440238953
"terra",2500,500,12.9210729598999
"terra",2500,500,12.951975107193
"fastfocal",2500,600,12.1730139255524
"fastfocal",2500,600,12.2159190177917
"fastfocal",2500,600,12.2716360092163
"fastfocal",2500,600,12.3561370372772
"fastfocal",2500,600,12.3769218921661
"fastfocal",2500,600,12.9278981685638
"fastfocal",2500,600,13.1275160312653
"fastfocal",2500,600,13.1881971359253
"fastfocal",2500,600,13.2055110931396
"fastfocal",2500,600,13.373321056366
"terra",2500,600,19.4452290534973
"terra",2500,600,19.5183119773865
"terra",2500,600,19.5306730270386
"terra",2500,600,19.5757169723511
"terra",2500,600,19.5883619785309
"terra",2500,600,19.6852538585663
"terra",2500,600,19.7368929386139
"terra",2500,600,19.7412478923798
"terra",2500,600,19.7464869022369
"terra",2500,600,19.9184319972992
"fastfocal",2500,700,12.1057980060577
"fastfocal",2500,700,12.1547558307648
"fastfocal",2500,700,12.1999988555908
"fastfocal",2500,700,12.226902961731
"fastfocal",2500,700,12.2400348186493
"fastfocal",2500,700,12.2667038440704
"fastfocal",2500,700,12.3150951862335
"fastfocal",2500,700,12.3649299144745
"fastfocal",2500,700,12.4129710197449
"fastfocal",2500,700,12.5115759372711
"terra",2500,700,25.2446410655975
"terra",2500,700,25.3372700214386
"terra",2500,700,25.3678929805756
"terra",2500,700,25.4672060012817
"terra",2500,700,25.5040609836578
"terra",2500,700,25.5688769817352
"terra",2500,700,25.5723478794098
"terra",2500,700,25.5751848220825
"terra",2500,700,25.5988330841064
"terra",2500,700,25.6383309364319
"fastfocal",2500,800,12.1158909797668
"fastfocal",2500,800,12.2558290958405
"fastfocal",2500,800,12.2782201766968
"fastfocal",2500,800,12.2921299934387
"fastfocal",2500,800,12.3150341510773
"fastfocal",2500,800,12.3333621025085
"fastfocal",2500,800,12.3817360401154
"fastfocal",2500,800,12.4592180252075
"fastfocal",2500,800,12.4886820316315
"fastfocal",2500,800,12.5503199100494
"terra",2500,800,32.0397791862488
"terra",2500,800,32.1100771427155
"terra",2500,800,32.1493198871613
"terra",2500,800,32.1995139122009
"terra",2500,800,32.3251171112061
"terra",2500,800,32.341372013092
"terra",2500,800,32.3737449645996
"terra",2500,800,32.4132330417633
"terra",2500,800,32.4569599628448
"terra",2500,800,32.5197949409485
"fastfocal",2500,900,11.974212884903
"fastfocal",2500,900,12.2117741107941
"fastfocal",2500,900,12.3341228961945
"fastfocal",2500,900,12.3769679069519
"fastfocal",2500,900,12.4499161243439
"fastfocal",2500,900,12.5199248790741
"fastfocal",2500,900,12.5550231933594
"fastfocal",2500,900,12.6017649173737
"fastfocal",2500,900,12.6903929710388
"fastfocal",2500,900,13.2638940811157
"terra",2500,900,41.5048699378967
"terra",2500,900,41.5299880504608
"terra",2500,900,41.6863029003143
"terra",2500,900,41.8218159675598
"terra",2500,900,41.8284549713135
"terra",2500,900,41.8763689994812
"terra",2500,900,41.8931970596313
"terra",2500,900,41.9092619419098
"terra",2500,900,41.9188108444214
"terra",2500,900,41.9487569332123
"fastfocal",2500,1000,11.8528180122375
"fastfocal",2500,1000,12.0575518608093
"fastfocal",2500,1000,12.1801400184631
"fastfocal",2500,1000,12.1812641620636
"fastfocal",2500,1000,12.2377600669861
"fastfocal",2500,1000,12.2783050537109
"fastfocal",2500,1000,12.2936201095581
"fastfocal",2500,1000,12.2990310192108
"fastfocal",2500,1000,12.3039789199829
"fastfocal",2500,1000,12.3828740119934
"terra",2500,1000,50.5480468273163
"terra",2500,1000,50.7977979183197
"terra",2500,1000,50.7983598709106
"terra",2500,1000,50.925341129303
"terra",2500,1000,50.9683971405029
"terra",2500,1000,51.1637949943542
"terra",2500,1000,51.3144421577454
"terra",2500,1000,51.3213329315186
"terra",2500,1000,51.4926569461823
"terra",2500,1000,51.8774268627167
"fastfocal",5000,100,3.93126797676086
"fastfocal",5000,100,3.95751881599426
"fastfocal",5000,100,3.98165702819824
"fastfocal",5000,100,3.98513889312744
"fastfocal",5000,100,3.99890804290771
"fastfocal",5000,100,4.02370095252991
"fastfocal",5000,100,4.02413702011108
"fastfocal",5000,100,4.03197908401489
"fastfocal",5000,100,4.05552101135254
"fastfocal",5000,100,4.07082104682922
"terra",5000,100,2.63585805892944
"terra",5000,100,2.66317391395569
"terra",5000,100,2.67830801010132
"terra",5000,100,2.70390295982361
"terra",5000,100,2.70886993408203
"terra",5000,100,2.72842788696289
"terra",5000,100,2.74523591995239
"terra",5000,100,2.77438998222351
"terra",5000,100,2.78526496887207
"terra",5000,100,2.7879319190979
"fastfocal",5000,200,10.041482925415
"fastfocal",5000,200,10.0422711372375
"fastfocal",5000,200,10.1296639442444
"fastfocal",5000,200,10.1619021892548
"fastfocal",5000,200,10.1843891143799
"fastfocal",5000,200,10.1891951560974
"fastfocal",5000,200,10.2083950042725
"fastfocal",5000,200,10.2249538898468
"fastfocal",5000,200,10.2365810871124
"fastfocal",5000,200,10.3097138404846
"terra",5000,200,7.99849891662598
"terra",5000,200,8.0840470790863
"terra",5000,200,8.11047697067261
"terra",5000,200,8.11383891105652
"terra",5000,200,8.116938829422
"terra",5000,200,8.13495707511902
"terra",5000,200,8.17239379882812
"terra",5000,200,8.19106912612915
"terra",5000,200,8.21113801002502
"terra",5000,200,8.46523308753967
"fastfocal",5000,300,19.1885180473328
"fastfocal",5000,300,19.2200088500977
"fastfocal",5000,300,19.2349970340729
"fastfocal",5000,300,19.2719728946686
"fastfocal",5000,300,19.2767078876495
"fastfocal",5000,300,19.2850298881531
"fastfocal",5000,300,19.3071961402893
"fastfocal",5000,300,19.3205769062042
"fastfocal",5000,300,19.3214979171753
"fastfocal",5000,300,19.3720898628235
"terra",5000,300,19.7101519107819
"terra",5000,300,19.801216840744
"terra",5000,300,19.8177251815796
"terra",5000,300,19.8512470722198
"terra",5000,300,19.8923199176788
"terra",5000,300,19.9878900051117
"terra",5000,300,20.034353017807
"terra",5000,300,20.0716300010681
"terra",5000,300,20.1127738952637
"terra",5000,300,20.1714060306549
"fastfocal",5000,400,35.8595840930939
"fastfocal",5000,400,36.0344688892365
"fastfocal",5000,400,36.1794128417969
"fastfocal",5000,400,36.1993048191071
"fastfocal",5000,400,36.2099351882935
"fastfocal",5000,400,36.2852809429169
"fastfocal",5000,400,36.3620591163635
"fastfocal",5000,400,36.3690741062164
"fastfocal",5000,400,36.3981819152832
"fastfocal",5000,400,36.5826840400696
"terra",5000,400,32.4892590045929
"terra",5000,400,32.5103559494019
"terra",5000,400,32.6363279819489
"terra",5000,400,32.7422068119049
"terra",5000,400,32.8214280605316
"terra",5000,400,32.8453919887543
"terra",5000,400,32.901643037796
"terra",5000,400,32.9572939872742
"terra",5000,400,32.9800860881805
"terra",5000,400,33.1320569515228
"fastfocal",5000,500,58.335834980011
"fastfocal",5000,500,58.5176639556885
"fastfocal",5000,500,58.6788308620453
"fastfocal",5000,500,58.6980361938477
"fastfocal",5000,500,58.7209799289703
"fastfocal",5000,500,58.7684609889984
"fastfocal",5000,500,58.9863600730896
"fastfocal",5000,500,59.0291728973389
"fastfocal",5000,500,59.0445091724396
"fastfocal",5000,500,59.7017090320587
"terra",5000,500,50.4000780582428
"terra",5000,500,50.6768989562988
"terra",5000,500,50.8232781887054
"terra",5000,500,50.8969509601593
"terra",5000,500,50.8995678424835
"terra",5000,500,50.9682018756866
"terra",5000,500,51.2611429691315
"terra",5000,500,51.4648239612579
"terra",5000,500,51.5873048305511
"terra",5000,500,51.8172960281372
"fastfocal",5000,600,57.5886650085449
"fastfocal",5000,600,58.0805790424347
"fastfocal",5000,600,58.1090679168701
"fastfocal",5000,600,58.2651009559631
"fastfocal",5000,600,58.31729388237
"fastfocal",5000,600,58.3277819156647
"fastfocal",5000,600,58.3524250984192
"fastfocal",5000,600,58.4357881546021
"fastfocal",5000,600,58.5004060268402
"fastfocal",5000,600,58.6640310287476
"terra",5000,600,77.9461379051208
"terra",5000,600,78.2021079063416
"terra",5000,600,78.2361099720001
"terra",5000,600,78.3288819789886
"terra",5000,600,78.3577120304108
"terra",5000,600,78.4096550941467
"terra",5000,600,78.4470770359039
"terra",5000,600,78.5017430782318
"terra",5000,600,78.9254341125488
"terra",5000,600,79.2983241081238
"fastfocal",5000,700,58.4853460788727
"fastfocal",5000,700,58.5411839485168
"fastfocal",5000,700,58.7147059440613
"fastfocal",5000,700,58.755392074585
"fastfocal",5000,700,58.7907121181488
"fastfocal",5000,700,58.8305139541626
"fastfocal",5000,700,58.876935005188
"fastfocal",5000,700,59.1424241065979
"fastfocal",5000,700,59.2753539085388
"fastfocal",5000,700,59.5037009716034
"terra",5000,700,102.084090948105
"terra",5000,700,102.087954044342
"terra",5000,700,102.337246894836
"terra",5000,700,102.408394098282
"terra",5000,700,102.467131853104
"terra",5000,700,102.680522918701
"terra",5000,700,102.702270030975
"terra",5000,700,102.829942941666
"terra",5000,700,103.4762570858
"terra",5000,700,104.158656835556
"fastfocal",5000,800,57.5513181686401
"fastfocal",5000,800,57.8750960826874
"fastfocal",5000,800,57.9528579711914
"fastfocal",5000,800,57.9729800224304
"fastfocal",5000,800,58.0033428668976
"fastfocal",5000,800,58.1144919395447
"fastfocal",5000,800,58.2315781116486
"fastfocal",5000,800,58.2743821144104
"fastfocal",5000,800,58.4467070102692
"fastfocal",5000,800,58.6410629749298
"terra",5000,800,128.504849910736
"terra",5000,800,128.659315109253
"terra",5000,800,129.208333015442
"terra",5000,800,129.264275074005
"terra",5000,800,129.501999139786
"terra",5000,800,129.553343772888
"terra",5000,800,130.012167930603
"terra",5000,800,130.092270851135
"terra",5000,800,130.388954162598
"terra",5000,800,130.421194076538
"fastfocal",5000,900,57.3984110355377
"fastfocal",5000,900,57.60329413414
"fastfocal",5000,900,58.0654609203339
"fastfocal",5000,900,58.2630472183228
"fastfocal",5000,900,58.3268008232117
"fastfocal",5000,900,58.3914229869843
"fastfocal",5000,900,58.4325978755951
"fastfocal",5000,900,58.4894468784332
"fastfocal",5000,900,58.5395359992981
"fastfocal",5000,900,58.547210931778
"terra",5000,900,165.011626005173
"terra",5000,900,165.371110916138
"terra",5000,900,165.610357999802
"terra",5000,900,165.707551002502
"terra",5000,900,165.752189874649
"terra",5000,900,165.780123233795
"terra",5000,900,166.671442985535
"terra",5000,900,167.21862411499
"terra",5000,900,168.753881931305
"terra",5000,900,173.92671918869
"fastfocal",5000,1000,57.9863891601562
"fastfocal",5000,1000,58.1502459049225
"fastfocal",5000,1000,58.2043578624725
"fastfocal",5000,1000,58.3233268260956
"fastfocal",5000,1000,58.4319479465485
"fastfocal",5000,1000,58.5293190479279
"fastfocal",5000,1000,58.5541670322418
"fastfocal",5000,1000,58.6527190208435
"fastfocal",5000,1000,58.7777450084686
"fastfocal",5000,1000,58.8262770175934
"terra",5000,1000,202.828206777573
"terra",5000,1000,203.283936977386
"terra",5000,1000,203.747745037079
"terra",5000,1000,204.152654886246
"terra",5000,1000,204.204181194305
"terra",5000,1000,204.395040035248
"terra",5000,1000,204.488510131836
"terra",5000,1000,204.519757986069
"terra",5000,1000,204.542492866516
"terra",5000,1000,205.255491018295
